category,n_orders,n_late_orders,late_rate_pct,benchmark_late_rate_pct,rate_gap_pp,excess_late_orders,median_delay_days,p90_delay_days,items_value,items_value_late_orders,pct_items_value_in_late_orders,interstate_pct
health_beauty,8610,647,7.51,6.79,0.72,62.0,-13.0,-1.0,1229557.5,94038.52,7.65,63.0
bed_bath_table,9267,689,7.43,6.79,0.64,60.0,-12.0,-1.0,1022955.77,79235.1,7.75,56.4
baby,2800,226,8.07,6.79,1.28,36.0,-12.0,-1.0,399050.67,37856.2,9.49,64.9
watches_gifts,5489,406,7.4,6.79,0.61,33.0,-13.0,-1.0,1163187.91,91298.05,7.85,65.4
furniture_decor,6258,449,7.17,6.79,0.38,24.0,-12.0,-2.0,706237.17,58515.94,8.29,63.7
electronics,2516,192,7.63,6.79,0.84,21.0,-12.0,-1.0,154935.94,15185.58,9.8,69.1
auto,3801,278,7.31,6.79,0.52,20.0,-12.0,-1.0,577721.09,66549.23,11.52,62.3
audio,346,41,11.85,6.79,5.06,18.0,-11.0,3.0,50413.61,6581.76,13.06,61.7
office_furniture,1248,101,8.09,6.79,1.3,16.0,-13.0,-1.0,266853.43,21751.17,8.15,61.0
telephony,4086,291,7.12,6.79,0.33,14.0,-12.0,-2.0,309631.94,25321.16,8.18,65.7
home_confort,392,37,9.44,6.79,2.65,10.0,-11.0,0.0,58008.45,4838.06,8.34,55.7
unknown,1390,101,7.27,6.79,0.48,7.0,-12.0,-1.0,170660.74,14131.92,8.28,63.6
musical_instruments,611,46,7.53,6.79,0.74,5.0,-12.0,-1.0,184315.74,15765.18,8.55,71.4
books_technical,256,21,8.2,6.79,1.41,4.0,-12.0,0.0,18702.23,1131.15,6.05,58.9
construction_tools_construction,736,54,7.34,6.79,0.55,4.0,-12.0,-2.0,142108.49,10739.45,7.56,58.7
furniture_living_room,414,31,7.49,6.79,0.7,3.0,-11.0,-2.0,67350.7,6501.45,9.65,68.5
fashion_underwear_beach,117,11,9.4,6.79,2.61,3.0,-12.0,0.0,9305.95,688.98,7.4,58.3
christmas_supplies,125,10,8.0,6.79,1.21,2.0,-13.0,0.09999999999999432,8737.84,1337.67,15.31,69.3
food,440,31,7.05,6.79,0.26,1.0,-10.0,-1.0,28651.25,1835.7,6.41,44.8
industry_commerce_and_business,228,16,7.02,6.79,0.23,1.0,-12.0,-3.0,37810.21,2305.3,6.1,58.8
construction_tools_lights,242,16,6.61,6.79,-0.18,-0.0,-12.0,-1.0,39957.0,2338.33,5.85,53.5
home_appliances_2,227,14,6.17,6.79,-0.62,-1.0,-13.0,-3.0,107953.95,7316.21,6.78,69.3
art,195,12,6.15,6.79,-0.64,-1.0,-12.0,-1.0,23657.3,1026.71,4.34,55.3
books_general_interest,495,32,6.46,6.79,-0.33,-2.0,-13.0,-3.0,45256.25,3423.6,7.56,63.1
computers,177,10,5.65,6.79,-1.14,-2.0,-13.0,-3.0,218684.14,14487.0,6.62,79.4
fashion_male_clothing,105,5,4.76,6.79,-2.03,-2.0,-14.0,-4.0,10427.43,559.4,5.36,74.2
costruction_tools_garden,190,10,5.26,6.79,-1.53,-3.0,-13.0,-2.0999999999999943,25096.28,1397.98,5.57,63.8
signaling_and_security,138,6,4.35,6.79,-2.44,-3.0,-11.0,-3.0,21315.05,964.97,4.53,53.8
home_construction,483,29,6.0,6.79,-0.79,-4.0,-12.0,-2.0,81407.57,5802.83,7.13,62.4
drinks,287,15,5.23,6.79,-1.56,-4.0,-12.0,-3.0,21529.84,878.22,4.08,50.7
fixed_telephony,207,10,4.83,6.79,-1.96,-4.0,-14.0,-4.0,54610.33,3259.88,5.97,63.6
fashion_shoes,234,11,4.7,6.79,-2.09,-5.0,-14.0,-5.5,22971.47,1416.02,6.16,76.2
kitchen_dining_laundry_garden_furniture,241,11,4.56,6.79,-2.23,-5.0,-11.5,-4.0,45531.98,3573.9,7.85,53.6
agro_industry_and_commerce,177,7,3.95,6.79,-2.84,-5.0,-10.0,-3.0,70566.1,6723.8,9.53,68.0
perfumery,3060,202,6.6,6.79,-0.19,-6.0,-13.0,-3.0,385315.55,26807.64,6.96,63.4
stationery,2264,148,6.54,6.79,-0.25,-6.0,-13.0,-2.0,223788.69,15208.86,6.8,61.4
air_conditioning,242,10,4.13,6.79,-2.66,-6.0,-14.0,-4.0,51974.27,2921.9,5.62,63.7
market_place,269,11,4.09,6.79,-2.7,-7.0,-13.0,-5.300000000000011,26880.48,993.99,3.7,63.9
consoles_games,1011,62,6.13,6.79,-0.66,-7.0,-12.0,-2.0,144384.01,12759.55,8.84,65.9
food_drink,221,8,3.62,6.79,-3.17,-7.0,-12.0,-2.0,14942.88,1175.96,7.87,62.5
construction_tools_safety,159,4,2.52,6.79,-4.27,-7.0,-12.0,-3.0,38773.22,329.75,0.85,71.0
garden_tools,3443,225,6.53,6.79,-0.26,-9.0,-13.0,-2.0,469135.4,30479.21,6.5,68.0
small_appliances,609,29,4.76,6.79,-2.03,-12.0,-14.0,-4.699999999999932,182754.12,7667.17,4.2,61.4
toys,3781,243,6.43,6.79,-0.36,-14.0,-13.0,-2.0,466990.99,31606.1,6.77,63.7
sports_leisure,7512,495,6.59,6.79,-0.2,-15.0,-13.0,-2.0,952661.4,70453.26,7.4,65.7
home_appliances,747,33,4.42,6.79,-2.37,-18.0,-12.0,-2.0,78832.48,4508.83,5.72,56.0
fashion_bags_accessories,1812,102,5.63,6.79,-1.16,-21.0,-13.0,-3.0,148945.19,8324.65,5.59,62.9
luggage_accessories,1019,44,4.32,6.79,-2.47,-25.0,-13.0,-4.0,138701.63,5567.97,4.01,65.4
computers_accessories,6517,416,6.38,6.79,-0.41,-26.0,-13.0,-2.0,887944.6,61388.32,6.91,73.0
pet_shop,1684,86,5.11,6.79,-1.68,-28.0,-13.0,-3.0,211005.96,11020.6,5.22,65.3
cool_stuff,3552,210,5.91,6.79,-0.88,-31.0,-13.0,-3.0,609158.0,39269.48,6.45,69.4
housewares,5734,308,5.37,6.79,-1.42,-81.0,-13.0,-3.0,614341.62,38465.31,6.26,59.8
