category,n_orders,n_late_orders,late_rate_pct,ci_lower_pct,ci_upper_pct,ci_width_pp,national_rate_pct,verdict
audio,346,41,11.85,8.86,15.68,6.83,6.79,worse than national
home_confort,392,37,9.44,6.93,12.74,5.81,6.79,worse than national
fashion_underwear_beach,117,11,9.4,5.33,16.05,10.72,6.79,not distinguishable
books_technical,256,21,8.2,5.43,12.21,6.79,6.79,not distinguishable
office_furniture,1248,101,8.09,6.71,9.74,3.03,6.79,not distinguishable
baby,2800,226,8.07,7.12,9.14,2.02,6.79,worse than national
christmas_supplies,125,10,8.0,4.4,14.1,9.7,6.79,not distinguishable
electronics,2516,192,7.63,6.66,8.73,2.08,6.79,not distinguishable
musical_instruments,611,46,7.53,5.69,9.9,4.2,6.79,not distinguishable
health_beauty,8610,647,7.51,6.98,8.09,1.11,6.79,worse than national
furniture_living_room,414,31,7.49,5.33,10.43,5.11,6.79,not distinguishable
bed_bath_table,9267,689,7.43,6.92,7.99,1.07,6.79,worse than national
watches_gifts,5489,406,7.4,6.73,8.12,1.39,6.79,not distinguishable
construction_tools_construction,736,54,7.34,5.67,9.45,3.78,6.79,not distinguishable
auto,3801,278,7.31,6.53,8.19,1.66,6.79,not distinguishable
unknown,1390,101,7.27,6.02,8.75,2.74,6.79,not distinguishable
furniture_decor,6258,449,7.17,6.56,7.84,1.28,6.79,not distinguishable
telephony,4086,291,7.12,6.37,7.95,1.58,6.79,not distinguishable
food,440,31,7.05,5.01,9.83,4.82,6.79,not distinguishable
industry_commerce_and_business,228,16,7.02,4.37,11.09,6.73,6.79,not distinguishable
construction_tools_lights,242,16,6.61,4.11,10.47,6.36,6.79,not distinguishable
perfumery,3060,202,6.6,5.77,7.54,1.76,6.79,not distinguishable
sports_leisure,7512,495,6.59,6.05,7.17,1.12,6.79,not distinguishable
stationery,2264,148,6.54,5.59,7.63,2.04,6.79,not distinguishable
garden_tools,3443,225,6.53,5.76,7.41,1.65,6.79,not distinguishable
books_general_interest,495,32,6.46,4.62,8.98,4.37,6.79,not distinguishable
toys,3781,243,6.43,5.69,7.25,1.57,6.79,not distinguishable
computers_accessories,6517,416,6.38,5.82,7.0,1.19,6.79,not distinguishable
home_appliances_2,227,14,6.17,3.71,10.08,6.38,6.79,not distinguishable
art,195,12,6.15,3.55,10.45,6.89,6.79,not distinguishable
consoles_games,1011,62,6.13,4.81,7.78,2.97,6.79,not distinguishable
home_construction,483,29,6.0,4.21,8.49,4.28,6.79,not distinguishable
cool_stuff,3552,210,5.91,5.18,6.74,1.55,6.79,better than national
computers,177,10,5.65,3.1,10.09,6.99,6.79,not distinguishable
fashion_bags_accessories,1812,102,5.63,4.66,6.79,2.13,6.79,better than national
housewares,5734,308,5.37,4.82,5.99,1.17,6.79,better than national
costruction_tools_garden,190,10,5.26,2.88,9.42,6.53,6.79,not distinguishable
drinks,287,15,5.23,3.19,8.44,5.25,6.79,not distinguishable
pet_shop,1684,86,5.11,4.15,6.26,2.11,6.79,better than national
fixed_telephony,207,10,4.83,2.64,8.66,6.02,6.79,not distinguishable
fashion_male_clothing,105,5,4.76,2.05,10.67,8.62,6.79,not distinguishable
small_appliances,609,29,4.76,3.34,6.76,3.42,6.79,better than national
fashion_shoes,234,11,4.7,2.64,8.22,5.58,6.79,not distinguishable
kitchen_dining_laundry_garden_furniture,241,11,4.56,2.57,7.99,5.42,6.79,not distinguishable
home_appliances,747,33,4.42,3.16,6.14,2.98,6.79,better than national
signaling_and_security,138,6,4.35,2.01,9.16,7.15,6.79,not distinguishable
luggage_accessories,1019,44,4.32,3.23,5.75,2.51,6.79,better than national
air_conditioning,242,10,4.13,2.26,7.44,5.18,6.79,not distinguishable
market_place,269,11,4.09,2.3,7.17,4.87,6.79,not distinguishable
agro_industry_and_commerce,177,7,3.95,1.93,7.94,6.01,6.79,not distinguishable
food_drink,221,8,3.62,1.85,6.98,5.13,6.79,not distinguishable
construction_tools_safety,159,4,2.52,0.98,6.29,5.31,6.79,better than national
