cohort_month,n_new_customers,n_repeated_within_90d,repeat_rate_90d_pct,ci_lower_pct,ci_upper_pct,is_complete
2016-09-01,2,0,0.0,0.0,65.76,True
2016-10-01,290,3,1.03,0.35,3.0,True
2016-12-01,1,1,100.0,20.65,100.0,True
2017-01-01,752,24,3.19,2.15,4.7,True
2017-02-01,1690,28,1.66,1.15,2.38,True
2017-03-01,2571,60,2.33,1.82,2.99,True
2017-04-01,2325,44,1.89,1.41,2.53,True
2017-05-01,3541,88,2.49,2.02,3.05,True
2017-06-01,3102,80,2.58,2.08,3.2,True
2017-07-01,3822,85,2.22,1.8,2.74,True
2017-08-01,4130,97,2.35,1.93,2.86,True
2017-09-01,4075,105,2.58,2.13,3.11,True
2017-10-01,4392,90,2.05,1.67,2.51,True
2017-11-01,7190,146,2.03,1.73,2.38,True
2017-12-01,5439,82,1.51,1.22,1.87,True
2018-01-01,6951,134,1.93,1.63,2.28,True
2018-02-01,6357,164,2.58,2.22,3.0,True
2018-03-01,6931,118,1.7,1.42,2.03,True
2018-04-01,6698,107,1.6,1.32,1.93,True
2018-05-01,6586,104,1.58,1.31,1.91,True
2018-06-01,5920,60,1.01,0.79,1.3,False
2018-07-01,6016,65,1.08,0.85,1.37,False
2018-08-01,6209,30,0.48,0.34,0.69,False
