orders_per_customer,n_customers,pct_of_customers,n_orders,pct_of_orders,items_value,pct_of_items_value,avg_lifetime_items_value
9,1,0.001,9.0,0.01,1000.85,0.01,1000.85
16,1,0.001,16.0,0.02,729.62,0.01,729.62
7,3,0.003,21.0,0.02,2280.02,0.02,760.01
6,5,0.005,30.0,0.03,2600.66,0.02,520.13
5,9,0.009,45.0,0.05,5616.54,0.04,624.06
4,29,0.031,116.0,0.12,19165.61,0.14,660.88
3,188,0.198,564.0,0.57,68111.18,0.5,362.29
2,2652,2.792,5304.0,5.4,650991.94,4.82,245.47
1,92102,96.96,92102.0,93.78,12743904.32,94.44,138.38
