delay_days,n_orders
-40,55
-39,55
-38,93
-37,85
-36,161
-35,241
-34,238
-33,254
-32,265
-31,300
-30,369
-29,486
-28,748
-27,815
-26,790
-25,910
-24,1063
-23,1257
-22,1841
-21,2808
-20,2958
-19,2712
-18,3127
-17,3411
-16,3901
-15,5344
-14,7124
-13,5960
-12,4556
-11,4616
-10,4646
-9,4626
-8,4825
-7,4836
-6,3624
-5,2219
-4,1917
-3,1728
-2,1550
-1,1461
0,1291
1,824
2,545
3,500
4,453
5,447
6,419
7,483
8,336
9,227
10,207
11,181
12,160
13,196
14,171
15,159
16,98
17,89
18,76
19,77
20,89
21,80
22,67
23,37
24,53
25,39
26,33
27,40
28,47
29,39
30,15
31,26
32,18
33,20
34,11
35,25
36,15
37,9
38,10
39,6
40,10
