customer_state,n_orders,n_late_orders,late_rate_pct,median_delay_days,p90_delay_days,median_delivery_days,median_promised_days,median_handover_days,items_value,mean_review_score,n_reviewed_orders
SP,40399,1817,4.5,-11.0,-3.0,7.0,19.0,2.0,5054516.95,4.247,40171
RJ,12310,1495,12.14,-13.0,3.0,12.0,25.0,2.0,1751433.85,3.965,12172
MG,11319,519,4.59,-14.0,-4.0,10.0,24.0,2.0,1548206.88,4.194,11251
BA,3253,396,12.17,-12.0,3.0,17.0,30.0,2.0,493339.26,3.929,3226
RS,5327,325,6.1,-15.0,-3.0,13.0,29.0,2.0,726194.92,4.185,5309
SC,3537,291,8.23,-13.0,-1.0,13.0,26.0,2.0,504774.07,4.134,3510
ES,1992,214,10.74,-12.0,1.0,14.0,26.0,2.0,267783.66,4.079,1966
PR,4903,199,4.06,-14.0,-4.0,10.0,25.0,2.0,664048.0,4.241,4880
CE,1273,176,13.83,-13.0,6.0,18.0,32.0,2.0,218107.7,3.94,1267
PE,1587,153,9.64,-14.0,0.0,16.0,32.0,2.0,250639.89,4.082,1573
GO,1950,128,6.56,-13.0,-2.0,14.0,27.0,2.0,281932.21,4.102,1939
MA,713,125,17.53,-10.0,6.0,19.0,31.0,2.0,116305.12,3.829,709
DF,2074,118,5.69,-13.0,-3.0,11.0,25.0,2.0,295454.64,4.134,2064
PA,942,106,11.25,-16.0,3.0,21.0,37.0,2.5,173382.99,3.913,929
AL,396,85,21.46,-10.0,7.5,22.0,32.0,3.0,78805.73,3.847,393
MS,701,68,9.7,-12.0,0.0,14.0,26.0,2.0,115429.97,4.162,699
PI,475,66,13.89,-14.0,3.0,16.0,30.0,2.0,84511.0,3.994,470
PB,516,54,10.47,-14.0,1.0,18.0,33.0,3.0,112536.92,4.074,511
MT,885,53,5.99,-15.0,-3.0,16.0,32.0,2.0,152143.82,4.145,878
SE,332,51,15.36,-13.0,7.0,18.0,30.0,3.0,56288.74,3.9,331
RN,470,44,9.36,-15.0,0.0,16.0,32.0,2.0,81376.97,4.143,467
TO,274,27,9.85,-13.0,0.0,16.0,29.0,2.0,48402.51,4.154,273
RO,243,7,2.88,-21.0,-9.0,18.0,38.0,2.0,45682.76,4.165,242
RR,40,5,12.5,-19.0,5.1,25.0,45.0,2.0,7017.77,3.9,40
AM,145,4,2.76,-19.0,-7.0,26.0,46.0,2.0,22155.84,4.243,144
AC,80,3,3.75,-22.0,-8.8,18.0,41.0,3.0,15930.97,4.088,80
AP,67,2,2.99,-22.0,-9.0,25.0,48.0,3.0,13374.81,4.242,66
