category,n_orders,n_late_orders,late_rate_pct,median_delay_days,p90_delay_days,median_delivery_days,items_value,items_value_late_orders,avg_item_price,interstate_pct
bed_bath_table,9267,689,7.43,-12.0,-1.0,10.0,1022955.77,79235.1,93.46,56.4
health_beauty,8610,647,7.51,-13.0,-1.0,9.0,1229557.5,94038.52,130.5,63.0
sports_leisure,7512,495,6.59,-13.0,-2.0,10.0,952661.4,70453.26,113.24,65.7
furniture_decor,6258,449,7.17,-12.0,-2.0,11.0,706237.17,58515.94,87.24,63.7
computers_accessories,6517,416,6.38,-13.0,-2.0,11.0,887944.6,61388.32,116.36,73.0
watches_gifts,5489,406,7.4,-13.0,-1.0,10.0,1163187.91,91298.05,198.73,65.4
housewares,5734,308,5.37,-13.0,-3.0,9.0,614341.62,38465.31,90.57,59.8
telephony,4086,291,7.12,-12.0,-2.0,11.0,309631.94,25321.16,70.02,65.7
auto,3801,278,7.31,-12.0,-1.0,10.0,577721.09,66549.23,139.85,62.3
toys,3781,243,6.43,-13.0,-2.0,9.0,466990.99,31606.1,116.6,63.7
baby,2800,226,8.07,-12.0,-1.0,10.0,399050.67,37856.2,134.32,64.9
garden_tools,3443,225,6.53,-13.0,-2.0,12.0,469135.4,30479.21,110.05,68.0
cool_stuff,3552,210,5.91,-13.0,-3.0,10.0,609158.0,39269.48,164.15,69.4
perfumery,3060,202,6.6,-13.0,-3.0,9.0,385315.55,26807.64,116.37,63.4
electronics,2516,192,7.63,-12.0,-1.0,11.0,154935.94,15185.58,56.79,69.1
stationery,2264,148,6.54,-13.0,-2.0,10.0,223788.69,15208.86,90.75,61.4
fashion_bags_accessories,1812,102,5.63,-13.0,-3.0,9.0,148945.19,8324.65,75.38,62.9
unknown,1390,101,7.27,-12.0,-1.0,11.0,170660.74,14131.92,111.18,63.6
office_furniture,1248,101,8.09,-13.0,-1.0,19.0,266853.43,21751.17,160.56,61.0
pet_shop,1684,86,5.11,-13.0,-3.0,9.0,211005.96,11020.6,109.9,65.3
consoles_games,1011,62,6.13,-12.0,-2.0,11.0,144384.01,12759.55,133.44,65.9
construction_tools_construction,736,54,7.34,-12.0,-2.0,9.0,142108.49,10739.45,155.14,58.7
musical_instruments,611,46,7.53,-12.0,-1.0,10.0,184315.74,15765.18,283.13,71.4
luggage_accessories,1019,44,4.32,-13.0,-4.0,9.0,138701.63,5567.97,128.79,65.4
audio,346,41,11.85,-11.0,3.0,10.5,50413.61,6581.76,140.04,61.7
home_confort,392,37,9.44,-11.0,0.0,11.0,58008.45,4838.06,135.22,55.7
home_appliances,747,33,4.42,-12.0,-2.0,9.0,78832.48,4508.83,104.55,56.0
books_general_interest,495,32,6.46,-13.0,-3.0,10.0,45256.25,3423.6,84.43,63.1
furniture_living_room,414,31,7.49,-11.0,-2.0,12.0,67350.7,6501.45,136.06,68.5
food,440,31,7.05,-10.0,-1.0,7.0,28651.25,1835.7,57.53,44.8
small_appliances,609,29,4.76,-14.0,-4.699999999999932,9.0,182754.12,7667.17,277.74,61.4
home_construction,483,29,6.0,-12.0,-2.0,11.0,81407.57,5802.83,136.59,62.4
books_technical,256,21,8.2,-12.0,0.0,9.0,18702.23,1131.15,71.11,58.9
industry_commerce_and_business,228,16,7.02,-12.0,-3.0,8.0,37810.21,2305.3,145.42,58.8
construction_tools_lights,242,16,6.61,-12.0,-1.0,8.0,39957.0,2338.33,132.75,53.5
drinks,287,15,5.23,-12.0,-3.0,8.0,21529.84,878.22,59.64,50.7
home_appliances_2,227,14,6.17,-13.0,-3.0,11.0,107953.95,7316.21,467.33,69.3
art,195,12,6.15,-12.0,-1.0,9.0,23657.3,1026.71,120.09,55.3
market_place,269,11,4.09,-13.0,-5.300000000000011,10.0,26880.48,993.99,91.43,63.9
fashion_shoes,234,11,4.7,-14.0,-5.5,14.0,22971.47,1416.02,89.73,76.2
kitchen_dining_laundry_garden_furniture,241,11,4.56,-11.5,-4.0,9.0,45531.98,3573.9,166.18,53.6
fashion_underwear_beach,117,11,9.4,-12.0,0.0,10.0,9305.95,688.98,73.28,58.3
fixed_telephony,207,10,4.83,-14.0,-4.0,11.0,54610.33,3259.88,218.44,63.6
christmas_supplies,125,10,8.0,-13.0,0.09999999999999432,13.0,8737.84,1337.67,58.25,69.3
air_conditioning,242,10,4.13,-14.0,-4.0,9.0,51974.27,2921.9,184.96,63.7
computers,177,10,5.65,-13.0,-3.0,11.0,218684.14,14487.0,1098.92,79.4
costruction_tools_garden,190,10,5.26,-13.0,-2.0999999999999943,10.0,25096.28,1397.98,108.17,63.8
food_drink,221,8,3.62,-12.0,-2.0,9.0,14942.88,1175.96,55.55,62.5
agro_industry_and_commerce,177,7,3.95,-10.0,-3.0,9.5,70566.1,6723.8,342.55,68.0
signaling_and_security,138,6,4.35,-11.0,-3.0,9.0,21315.05,964.97,108.2,53.8
fashion_male_clothing,105,5,4.76,-14.0,-4.0,11.0,10427.43,559.4,84.09,74.2
construction_tools_safety,159,4,2.52,-12.0,-3.0,9.0,38773.22,329.75,211.88,71.0
