customer_state,purchase_month,n_orders,n_late_orders,late_rate_pct
AL,2018-01-01,36,12,33.33
BA,2017-02-01,58,5,8.62
BA,2017-03-01,87,7,8.05
BA,2017-04-01,84,12,14.29
BA,2017-05-01,119,4,3.36
BA,2017-06-01,103,8,7.77
BA,2017-07-01,144,7,4.86
BA,2017-08-01,152,5,3.29
BA,2017-09-01,167,28,16.77
BA,2017-10-01,158,16,10.13
BA,2017-11-01,243,36,14.81
BA,2017-12-01,188,24,12.77
BA,2018-01-01,228,15,6.58
BA,2018-02-01,208,40,19.23
BA,2018-03-01,235,74,31.49
BA,2018-04-01,216,40,18.52
BA,2018-05-01,237,47,19.83
BA,2018-06-01,198,11,5.56
BA,2018-07-01,245,15,6.12
BA,2018-08-01,159,1,0.63
CE,2017-04-01,42,5,11.9
CE,2017-05-01,62,1,1.61
CE,2017-06-01,44,0,0.0
CE,2017-07-01,53,0,0.0
CE,2017-08-01,73,1,1.37
CE,2017-09-01,74,2,2.7
CE,2017-10-01,63,3,4.76
CE,2017-11-01,103,27,26.21
CE,2017-12-01,79,6,7.59
CE,2018-01-01,77,9,11.69
CE,2018-02-01,84,33,39.29
CE,2018-03-01,93,47,50.54
CE,2018-04-01,96,23,23.96
CE,2018-05-01,72,8,11.11
CE,2018-06-01,72,0,0.0
CE,2018-07-01,84,1,1.19
CE,2018-08-01,55,0,0.0
DF,2017-03-01,54,0,0.0
DF,2017-04-01,34,0,0.0
DF,2017-05-01,60,0,0.0
DF,2017-06-01,69,1,1.45
DF,2017-07-01,75,0,0.0
DF,2017-08-01,83,1,1.2
DF,2017-09-01,94,7,7.45
DF,2017-10-01,92,3,3.26
DF,2017-11-01,157,18,11.46
DF,2017-12-01,129,6,4.65
DF,2018-01-01,135,4,2.96
DF,2018-02-01,170,20,11.76
DF,2018-03-01,147,27,18.37
DF,2018-04-01,146,3,2.05
DF,2018-05-01,140,13,9.29
DF,2018-06-01,147,1,0.68
DF,2018-07-01,165,7,4.24
DF,2018-08-01,143,5,3.5
ES,2017-02-01,31,2,6.45
ES,2017-03-01,47,0,0.0
ES,2017-04-01,45,2,4.44
ES,2017-05-01,90,3,3.33
ES,2017-06-01,79,5,6.33
ES,2017-07-01,81,3,3.7
ES,2017-08-01,94,4,4.26
ES,2017-09-01,93,4,4.3
ES,2017-10-01,100,5,5.0
ES,2017-11-01,168,34,20.24
ES,2017-12-01,108,7,6.48
ES,2018-01-01,145,14,9.66
ES,2018-02-01,149,18,12.08
ES,2018-03-01,133,55,41.35
ES,2018-04-01,140,22,15.71
ES,2018-05-01,132,21,15.91
ES,2018-06-01,123,5,4.07
ES,2018-07-01,122,9,7.38
ES,2018-08-01,103,0,0.0
GO,2017-03-01,47,0,0.0
GO,2017-04-01,38,3,7.89
GO,2017-05-01,83,3,3.61
GO,2017-06-01,73,3,4.11
GO,2017-07-01,77,3,3.9
GO,2017-08-01,89,2,2.25
GO,2017-09-01,84,2,2.38
GO,2017-10-01,106,2,1.89
GO,2017-11-01,153,20,13.07
GO,2017-12-01,125,9,7.2
GO,2018-01-01,144,7,4.86
GO,2018-02-01,146,23,15.75
GO,2018-03-01,141,28,19.86
GO,2018-04-01,132,6,4.55
GO,2018-05-01,136,7,5.15
GO,2018-06-01,105,1,0.95
GO,2018-07-01,112,5,4.46
GO,2018-08-01,117,3,2.56
MA,2017-05-01,31,0,0.0
MA,2017-07-01,37,0,0.0
MA,2017-08-01,38,2,5.26
MA,2017-09-01,41,3,7.32
MA,2017-10-01,48,12,25.0
MA,2017-11-01,53,28,52.83
MA,2017-12-01,40,5,12.5
MA,2018-01-01,55,4,7.27
MA,2018-02-01,55,18,32.73
MA,2018-03-01,49,25,51.02
MA,2018-04-01,46,6,13.04
MA,2018-05-01,32,2,6.25
MA,2018-06-01,41,5,12.2
MA,2018-07-01,39,7,17.95
MG,2017-01-01,102,0,0.0
MG,2017-02-01,241,2,0.83
MG,2017-03-01,343,8,2.33
MG,2017-04-01,266,7,2.63
MG,2017-05-01,412,7,1.7
MG,2017-06-01,356,5,1.4
MG,2017-07-01,435,4,0.92
MG,2017-08-01,459,11,2.4
MG,2017-09-01,493,5,1.01
MG,2017-10-01,542,5,0.92
MG,2017-11-01,922,66,7.16
MG,2017-12-01,669,23,3.44
MG,2018-01-01,846,26,3.07
MG,2018-02-01,790,66,8.35
MG,2018-03-01,856,175,20.44
MG,2018-04-01,778,19,2.44
MG,2018-05-01,751,69,9.19
MG,2018-06-01,714,1,0.14
MG,2018-07-01,644,8,1.24
MG,2018-08-01,700,12,1.71
MS,2017-09-01,32,0,0.0
MS,2017-10-01,33,2,6.06
MS,2017-11-01,44,4,9.09
MS,2017-12-01,34,2,5.88
MS,2018-01-01,70,3,4.29
MS,2018-02-01,64,13,20.31
MS,2018-03-01,57,23,40.35
MS,2018-04-01,43,3,6.98
MS,2018-05-01,44,4,9.09
MS,2018-06-01,49,1,2.04
MS,2018-07-01,49,2,4.08
MS,2018-08-01,35,10,28.57
MT,2017-05-01,37,1,2.7
MT,2017-07-01,37,0,0.0
MT,2017-08-01,38,0,0.0
MT,2017-09-01,34,2,5.88
MT,2017-10-01,50,1,2.0
MT,2017-11-01,73,9,12.33
MT,2017-12-01,49,5,10.2
MT,2018-01-01,83,3,3.61
MT,2018-02-01,67,8,11.94
MT,2018-03-01,52,13,25.0
MT,2018-04-01,64,1,1.56
MT,2018-05-01,66,2,3.03
MT,2018-06-01,58,1,1.72
MT,2018-07-01,47,0,0.0
MT,2018-08-01,39,0,0.0
PA,2017-03-01,35,3,8.57
PA,2017-04-01,36,0,0.0
PA,2017-05-01,35,1,2.86
PA,2017-06-01,36,2,5.56
PA,2017-07-01,36,3,8.33
PA,2017-08-01,57,0,0.0
PA,2017-09-01,41,5,12.2
PA,2017-10-01,52,3,5.77
PA,2017-11-01,69,10,14.49
PA,2017-12-01,58,4,6.9
PA,2018-01-01,69,6,8.7
PA,2018-02-01,57,7,12.28
PA,2018-03-01,67,34,50.75
PA,2018-04-01,66,20,30.3
PA,2018-05-01,40,5,12.5
PA,2018-06-01,54,0,0.0
PA,2018-07-01,57,3,5.26
PA,2018-08-01,43,0,0.0
PB,2017-12-01,37,4,10.81
PB,2018-01-01,31,4,12.9
PB,2018-02-01,35,3,8.57
PB,2018-03-01,39,5,12.82
PB,2018-07-01,51,2,3.92
PE,2017-03-01,36,1,2.78
PE,2017-04-01,36,3,8.33
PE,2017-05-01,63,1,1.59
PE,2017-06-01,41,2,4.88
PE,2017-07-01,70,13,18.57
PE,2017-08-01,83,12,14.46
PE,2017-09-01,74,6,8.11
PE,2017-10-01,77,5,6.49
PE,2017-11-01,125,15,12.0
PE,2017-12-01,101,8,7.92
PE,2018-01-01,102,8,7.84
PE,2018-02-01,121,14,11.57
PE,2018-03-01,107,22,20.56
PE,2018-04-01,110,15,13.64
PE,2018-05-01,102,12,11.76
PE,2018-06-01,91,2,2.2
PE,2018-07-01,136,8,5.88
PE,2018-08-01,83,4,4.82
PI,2017-11-01,31,15,48.39
PI,2018-01-01,47,5,10.64
PI,2018-02-01,32,7,21.88
PI,2018-03-01,34,10,29.41
PI,2018-04-01,34,4,11.76
PI,2018-05-01,30,6,20.0
PI,2018-07-01,32,2,6.25
PR,2017-01-01,62,2,3.23
PR,2017-02-01,110,3,2.73
PR,2017-03-01,121,5,4.13
PR,2017-04-01,112,3,2.68
PR,2017-05-01,206,2,0.97
PR,2017-06-01,167,2,1.2
PR,2017-07-01,195,1,0.51
PR,2017-08-01,220,0,0.0
PR,2017-09-01,176,1,0.57
PR,2017-10-01,198,6,3.03
PR,2017-11-01,365,32,8.77
PR,2017-12-01,260,13,5.0
PR,2018-01-01,371,6,1.62
PR,2018-02-01,335,30,8.96
PR,2018-03-01,369,49,13.28
PR,2018-04-01,381,5,1.31
PR,2018-05-01,308,23,7.47
PR,2018-06-01,306,0,0.0
PR,2018-07-01,314,6,1.91
PR,2018-08-01,327,10,3.06
RJ,2017-01-01,91,3,3.3
RJ,2017-02-01,230,8,3.48
RJ,2017-03-01,370,16,4.32
RJ,2017-04-01,325,21,6.46
RJ,2017-05-01,466,13,2.79
RJ,2017-06-01,399,13,3.26
RJ,2017-07-01,547,17,3.11
RJ,2017-08-01,537,16,2.98
RJ,2017-09-01,591,30,5.08
RJ,2017-10-01,654,45,6.88
RJ,2017-11-01,1012,263,25.99
RJ,2017-12-01,746,179,23.99
RJ,2018-01-01,850,111,13.06
RJ,2018-02-01,879,299,34.02
RJ,2018-03-01,864,298,34.49
RJ,2018-04-01,807,39,4.83
RJ,2018-05-01,816,56,6.86
RJ,2018-06-01,707,9,1.27
RJ,2018-07-01,696,17,2.44
RJ,2018-08-01,723,42,5.81
RN,2017-11-01,41,8,19.51
RN,2017-12-01,30,2,6.67
RN,2018-01-01,42,1,2.38
RN,2018-03-01,38,7,18.42
RN,2018-04-01,32,10,31.25
RN,2018-06-01,35,0,0.0
RS,2017-01-01,52,1,1.92
RS,2017-02-01,100,3,3.0
RS,2017-03-01,144,2,1.39
RS,2017-04-01,132,3,2.27
RS,2017-05-01,205,1,0.49
RS,2017-06-01,215,1,0.47
RS,2017-07-01,242,6,2.48
RS,2017-08-01,296,22,7.43
RS,2017-09-01,273,5,1.83
RS,2017-10-01,244,5,2.05
RS,2017-11-01,409,52,12.71
RS,2017-12-01,278,28,10.07
RS,2018-01-01,367,30,8.17
RS,2018-02-01,363,48,13.22
RS,2018-03-01,407,78,19.16
RS,2018-04-01,345,12,3.48
RS,2018-05-01,350,10,2.86
RS,2018-06-01,304,4,1.32
RS,2018-07-01,308,5,1.62
RS,2018-08-01,293,9,3.07
SC,2017-02-01,57,3,5.26
SC,2017-03-01,104,19,18.27
SC,2017-04-01,100,9,9.0
SC,2017-05-01,146,7,4.79
SC,2017-06-01,109,4,3.67
SC,2017-07-01,152,7,4.61
SC,2017-08-01,152,4,2.63
SC,2017-09-01,153,11,7.19
SC,2017-10-01,174,8,4.6
SC,2017-11-01,288,43,14.93
SC,2017-12-01,192,8,4.17
SC,2018-01-01,311,31,9.97
SC,2018-02-01,254,61,24.02
SC,2018-03-01,247,48,19.43
SC,2018-04-01,245,5,2.04
SC,2018-05-01,226,12,5.31
SC,2018-06-01,205,0,0.0
SC,2018-07-01,195,4,2.05
SC,2018-08-01,201,6,2.99
SP,2017-01-01,283,8,2.83
SP,2017-02-01,601,18,3.0
SP,2017-03-01,966,22,2.28
SP,2017-04-01,873,61,6.99
SP,2017-05-01,1363,58,4.26
SP,2017-06-01,1284,42,3.27
SP,2017-07-01,1543,28,1.81
SP,2017-08-01,1665,34,2.04
SP,2017-09-01,1576,49,3.11
SP,2017-10-01,1723,56,3.25
SP,2017-11-01,2898,202,6.97
SP,2017-12-01,2295,72,3.14
SP,2018-01-01,2975,102,3.43
SP,2018-02-01,2632,193,7.33
SP,2018-03-01,2971,280,9.42
SP,2018-04-01,3002,51,1.7
SP,2018-05-01,3138,136,4.33
SP,2018-06-01,2735,20,0.73
SP,2018-07-01,2712,100,3.69
SP,2018-08-01,3164,285,9.01
