purchase_month,n_orders,n_late_orders,late_rate_pct,median_delay_days,mean_review_score,n_reviewed_orders
2017-01-01,750,22,2.93,-29.0,4.198,741
2017-02-01,1653,49,2.96,-20.0,4.203,1643
2017-03-01,2546,116,4.56,-14.0,4.187,2527
2017-04-01,2303,151,6.56,-14.0,4.137,2290
2017-05-01,3545,106,2.99,-14.0,4.235,3517
2017-06-01,3135,95,3.03,-13.0,4.223,3111
2017-07-01,3872,108,2.79,-13.0,4.258,3842
2017-08-01,4193,122,2.91,-13.0,4.313,4165
2017-09-01,4150,182,4.39,-12.0,4.268,4118
2017-10-01,4478,187,4.18,-12.0,4.205,4446
2017-11-01,7288,904,12.4,-10.0,3.989,7237
2017-12-01,5513,411,7.46,-14.0,4.088,5461
2018-01-01,7069,403,5.7,-14.0,4.109,7013
2018-02-01,6555,926,14.13,-10.0,3.881,6507
2018-03-01,7003,1328,18.96,-8.0,3.812,6948
2018-04-01,6798,306,4.5,-13.0,4.206,6752
2018-05-01,6749,443,6.56,-12.0,4.236,6722
2018-06-01,6096,71,1.16,-19.0,4.307,6072
2018-07-01,6156,208,3.38,-11.0,4.317,6118
2018-08-01,6351,393,6.19,-7.0,4.31,6330
