purchase_month,dominant_payment_type,n_orders,items_value,avg_max_installments
2017-01-01,credit_card,557,95629.57,3.85
2017-01-01,boleto,193,19881.84,1.0
2017-01-01,voucher,28,3997.99,1.46
2017-01-01,debit_card,9,588.87,1.0
2017-02-01,credit_card,1269,191256.71,3.48
2017-02-01,boleto,383,47628.01,1.0
2017-02-01,voucher,53,4805.35,1.08
2017-02-01,debit_card,13,1269.28,1.0
2017-03-01,credit_card,1905,291133.81,3.69
2017-03-01,boleto,582,66491.18,1.0
2017-03-01,voucher,100,7781.37,1.11
2017-03-01,debit_card,30,2934.96,1.0
2017-04-01,credit_card,1773,275993.71,3.9
2017-04-01,boleto,488,65878.1,1.0
2017-04-01,voucher,90,9705.14,1.17
2017-04-01,debit_card,26,2266.03,1.0
2017-05-01,credit_card,2714,376746.28,4.16
2017-05-01,boleto,758,109091.43,1.0
2017-05-01,voucher,138,14795.98,1.22
2017-05-01,debit_card,30,2525.5,1.0
2017-06-01,credit_card,2355,326857.07,4.06
2017-06-01,boleto,702,90154.6,1.0
2017-06-01,voucher,121,10870.69,1.06
2017-06-01,debit_card,27,2034.25,1.0
2017-07-01,credit_card,2927,379463.18,4.05
2017-07-01,boleto,829,95922.15,1.0
2017-07-01,voucher,168,14891.17,1.2
2017-07-01,debit_card,22,2010.8,1.0
2017-08-01,credit_card,3163,442634.17,3.91
2017-08-01,boleto,920,111211.47,1.0
2017-08-01,voucher,155,11898.41,1.13
2017-08-01,debit_card,34,2501.74,1.0
2017-09-01,credit_card,3159,493722.26,3.78
2017-09-01,boleto,885,109438.89,1.0
2017-09-01,voucher,140,14416.02,1.19
2017-09-01,debit_card,43,3838.74,1.0
2017-10-01,credit_card,3363,524343.99,3.62
2017-10-01,boleto,971,115079.49,1.0
2017-10-01,voucher,161,15788.02,1.25
2017-10-01,debit_card,52,4968.12,1.0
2017-11-01,credit_card,5671,796664.52,3.74
2017-11-01,boleto,1479,186530.6,1.0
2017-11-01,voucher,206,15909.18,1.12
2017-11-01,debit_card,67,4757.84,1.0
2017-12-01,credit_card,4230,580922.87,3.56
2017-12-01,boleto,1152,138225.91,1.0
2017-12-01,voucher,175,17234.92,1.2
2017-12-01,debit_card,63,5800.09,1.0
2018-01-01,credit_card,5333,740246.29,3.27
2018-01-01,boleto,1499,170104.13,1.0
2018-01-01,voucher,246,25429.88,1.11
2018-01-01,debit_card,109,9675.99,1.0
2018-02-01,credit_card,5069,660953.01,3.17
2018-02-01,boleto,1311,152578.03,1.0
2018-02-01,voucher,177,18292.33,1.06
2018-02-01,debit_card,68,6072.06,1.0
2018-03-01,credit_card,5524,795036.08,3.46
2018-03-01,boleto,1343,157300.58,1.0
2018-03-01,voucher,224,21914.51,1.14
2018-03-01,debit_card,77,6799.89,1.0
2018-04-01,credit_card,5332,803501.14,3.26
2018-04-01,boleto,1286,162831.61,1.0
2018-04-01,voucher,205,18312.59,1.16
2018-04-01,debit_card,96,8947.64,1.0
2018-05-01,credit_card,5358,799258.0,3.4
2018-05-01,boleto,1257,166286.71,1.0
2018-05-01,voucher,168,18534.2,1.15
2018-05-01,debit_card,50,8792.84,1.0
2018-06-01,credit_card,4676,686755.69,3.46
2018-06-01,boleto,1097,126068.07,1.0
2018-06-01,voucher,192,19135.23,1.18
2018-06-01,debit_card,180,31306.54,1.0
2018-07-01,credit_card,4612,666792.84,3.38
2018-07-01,boleto,1212,161525.22,1.0
2018-07-01,debit_card,240,34029.04,1.0
2018-07-01,voucher,169,15697.17,1.14
2018-08-01,credit_card,4862,677423.72,3.36
2018-08-01,boleto,1132,117691.08,1.0
2018-08-01,debit_card,276,39780.61,1.0
2018-08-01,voucher,151,13964.69,1.14
