purchase_month,n_sale_eligible_orders,n_reviewed,review_coverage_pct,mean_review_score
2017-01-01,787,777,98.73,4.093
2017-02-01,1718,1708,99.42,4.102
2017-03-01,2617,2598,99.27,4.132
2017-04-01,2377,2360,99.28,4.068
2017-05-01,3640,3606,99.07,4.176
2017-06-01,3205,3181,99.25,4.176
2017-07-01,3946,3911,99.11,4.224
2017-08-01,4272,4241,99.27,4.269
2017-09-01,4227,4194,99.22,4.222
2017-10-01,4547,4510,99.19,4.174
2017-11-01,7423,7362,99.18,3.949
2017-12-01,5620,5562,98.97,4.04
2018-01-01,7187,7126,99.15,4.067
2018-02-01,6625,6573,99.22,3.859
2018-03-01,7168,7106,99.14,3.763
2018-04-01,6919,6863,99.19,4.17
2018-05-01,6833,6799,99.5,4.21
2018-06-01,6145,6119,99.58,4.288
2018-07-01,6233,6188,99.28,4.29
2018-08-01,6421,6397,99.63,4.288
