purchase_month,n_orders,n_customers,n_orders_without_items,items_value,freight_value,items_plus_freight,payments_value,n_item_lines,aov,avg_item_price,freight_pct_of_items
2017-01-01,787,753,0,120098.27,16845.19,136943.46,137006.76,953.0,152.6,126.02,14.03
2017-02-01,1718,1693,0,244959.35,38602.34,283561.69,283621.94,1936.0,142.58,126.53,15.76
2017-03-01,2617,2577,0,368341.32,57276.64,425617.96,425656.4,2975.0,140.75,123.81,15.55
2017-04-01,2377,2345,0,353842.98,52005.63,405848.61,405988.38,2660.0,148.86,133.02,14.7
2017-05-01,3640,3569,0,503159.19,79551.64,582710.83,582926.16,4106.0,138.23,122.54,15.81
2017-06-01,3205,3142,0,429916.61,69735.63,499652.24,499827.47,3571.0,134.14,120.39,16.22
2017-07-01,3946,3872,0,492287.3,86466.43,578753.73,578858.58,4493.0,124.76,109.57,17.56
2017-08-01,4272,4191,0,568245.79,93657.73,661903.52,662071.77,4882.0,133.02,116.4,16.48
2017-09-01,4227,4154,0,621415.91,95686.81,717102.72,717195.22,4815.0,147.01,129.06,15.4
2017-10-01,4547,4481,0,660179.62,104576.41,764756.03,764785.28,5300.0,145.19,124.56,15.84
2017-11-01,7423,7315,2,1003862.14,168329.54,1172191.68,1172639.23,8626.0,135.27,116.38,16.77
2017-12-01,5620,5553,2,742183.79,119342.98,861526.77,861914.46,6300.0,132.11,117.81,16.08
2018-01-01,7187,7088,0,945456.29,156463.72,1101920.01,1102639.41,8173.0,131.55,115.68,16.55
2018-02-01,6625,6469,1,837895.43,141590.73,979486.16,979966.23,7597.0,126.49,110.29,16.9
2018-03-01,7168,7077,0,981051.06,171605.93,1152656.99,1152736.74,8195.0,136.87,119.71,17.49
2018-04-01,6919,6863,0,993592.98,162655.91,1156248.89,1156303.91,7957.0,143.6,124.87,16.37
2018-05-01,6833,6775,0,992871.75,152814.71,1145686.46,1145748.63,7898.0,145.31,125.71,15.39
2018-06-01,6145,6106,0,863265.53,157116.37,1020381.9,1020494.29,7060.0,140.48,122.28,18.2
2018-07-01,6233,6172,0,878044.27,161739.31,1039783.58,1039880.16,7039.0,140.87,124.74,18.42
2018-08-01,6421,6380,0,848860.1,148113.41,996973.51,996896.15,7216.0,132.2,117.64,17.45
