customer_state,n_orders,n_late_orders,late_rate_pct,ci_lower_pct,ci_upper_pct,ci_width_pp,national_rate_pct,verdict
AL,396,85,21.46,17.71,25.77,8.06,6.79,worse than national
MA,713,125,17.53,14.92,20.49,5.57,6.79,worse than national
SE,332,51,15.36,11.88,19.63,7.75,6.79,worse than national
PI,475,66,13.89,11.07,17.3,6.23,6.79,worse than national
CE,1273,176,13.83,12.04,15.83,3.79,6.79,worse than national
RR,40,5,12.5,5.46,26.11,20.65,6.79,not distinguishable
BA,3253,396,12.17,11.09,13.34,2.25,6.79,worse than national
RJ,12310,1495,12.14,11.58,12.73,1.15,6.79,worse than national
PA,942,106,11.25,9.39,13.43,4.04,6.79,worse than national
ES,1992,214,10.74,9.46,12.18,2.72,6.79,worse than national
PB,516,54,10.47,8.11,13.4,5.29,6.79,worse than national
TO,274,27,9.85,6.86,13.96,7.1,6.79,worse than national
MS,701,68,9.7,7.72,12.12,4.4,6.79,worse than national
PE,1587,153,9.64,8.28,11.19,2.91,6.79,worse than national
RN,470,44,9.36,7.05,12.33,5.28,6.79,worse than national
SC,3537,291,8.23,7.37,9.18,1.81,6.79,worse than national
GO,1950,128,6.56,5.55,7.75,2.2,6.79,not distinguishable
RS,5327,325,6.1,5.49,6.78,1.29,6.79,better than national
MT,885,53,5.99,4.61,7.75,3.14,6.79,not distinguishable
DF,2074,118,5.69,4.77,6.77,2.0,6.79,better than national
MG,11319,519,4.59,4.22,4.99,0.77,6.79,better than national
SP,40399,1817,4.5,4.3,4.7,0.4,6.79,better than national
PR,4903,199,4.06,3.54,4.65,1.11,6.79,better than national
AC,80,3,3.75,1.28,10.45,9.17,6.79,not distinguishable
AP,67,2,2.99,0.82,10.25,9.43,6.79,not distinguishable
RO,243,7,2.88,1.4,5.83,4.43,6.79,better than national
AM,145,4,2.76,1.08,6.88,5.8,6.79,not distinguishable
