customer_state,n_orders,n_late_orders,late_rate_pct,rate_gap_pp,excess_late_orders,median_delivery_days,median_promised_days,median_handover_days,mean_review_score,n_reviewed_orders,items_value
RJ,12310,1495,12.14,5.35,659.0,12.0,25.0,2.0,3.965,12172,1751433.85
BA,3253,396,12.17,5.38,175.0,17.0,30.0,2.0,3.929,3226,493339.26
CE,1273,176,13.83,7.04,90.0,18.0,32.0,2.0,3.94,1267,218107.7
ES,1992,214,10.74,3.95,79.0,14.0,26.0,2.0,4.079,1966,267783.66
MA,713,125,17.53,10.74,77.0,19.0,31.0,2.0,3.829,709,116305.12
AL,396,85,21.46,14.67,58.0,22.0,32.0,3.0,3.847,393,78805.73
SC,3537,291,8.23,1.44,51.0,13.0,26.0,2.0,4.134,3510,504774.07
PE,1587,153,9.64,2.85,45.0,16.0,32.0,2.0,4.082,1573,250639.89
PA,942,106,11.25,4.46,42.0,21.0,37.0,2.5,3.913,929,173382.99
PI,475,66,13.89,7.1,34.0,16.0,30.0,2.0,3.994,470,84511.0
SE,332,51,15.36,8.57,28.0,18.0,30.0,3.0,3.9,331,56288.74
MS,701,68,9.7,2.91,20.0,14.0,26.0,2.0,4.162,699,115429.97
PB,516,54,10.47,3.68,19.0,18.0,33.0,3.0,4.074,511,112536.92
RN,470,44,9.36,2.57,12.0,16.0,32.0,2.0,4.143,467,81376.97
TO,274,27,9.85,3.06,8.0,16.0,29.0,2.0,4.154,273,48402.51
RR,40,5,12.5,5.71,2.0,25.0,45.0,2.0,3.9,40,7017.77
AC,80,3,3.75,-3.04,-2.0,18.0,41.0,3.0,4.088,80,15930.97
AP,67,2,2.99,-3.8,-3.0,25.0,48.0,3.0,4.242,66,13374.81
GO,1950,128,6.56,-0.23,-4.0,14.0,27.0,2.0,4.102,1939,281932.21
AM,145,4,2.76,-4.03,-6.0,26.0,46.0,2.0,4.243,144,22155.84
MT,885,53,5.99,-0.8,-7.0,16.0,32.0,2.0,4.145,878,152143.82
RO,243,7,2.88,-3.91,-9.0,18.0,38.0,2.0,4.165,242,45682.76
DF,2074,118,5.69,-1.1,-23.0,11.0,25.0,2.0,4.134,2064,295454.64
RS,5327,325,6.1,-0.69,-37.0,13.0,29.0,2.0,4.185,5309,726194.92
PR,4903,199,4.06,-2.73,-134.0,10.0,25.0,2.0,4.241,4880,664048.0
MG,11319,519,4.59,-2.2,-249.0,10.0,24.0,2.0,4.194,11251,1548206.88
SP,40399,1817,4.5,-2.29,-926.0,7.0,19.0,2.0,4.247,40171,5054516.95
